city,country,id,latitude,longitude,temp_f,humidity,cloudiness,wind_speed,date
lebu,cl,3883457.0,-37.62,-73.65,55.2,92.0,44.0,21.5,1553475105.0
port alfred,za,964432.0,-33.59,26.89,71.01,95.0,24.0,5.99,1553474810.0
labuhan,id,1641899.0,-2.54,115.51,78.87,85.0,36.0,1.36,1553474999.0
qaanaaq,gl,3831208.0,77.48,-69.36,-25.36,74.0,0.0,6.96,1553474907.0
tiksi,ru,2015306.0,71.64,128.87,-7.72,61.0,44.0,3.94,1553475107.0
sucre,bo,3903987.0,-19.05,-65.26,51.78,85.0,36.0,2.15,1553475107.0
linxia,cn,1803331.0,35.6,103.21,14.07,54.0,0.0,2.15,1553475108.0
nikolskoye,ru,546105.0,59.7,30.79,32.92,74.0,0.0,6.71,1553475094.0
nanortalik,gl,3421765.0,60.14,-45.24,31.26,94.0,88.0,39.73,1553474835.0
avarua,ck,4035715.0,-21.21,-159.78,84.2,83.0,88.0,6.93,1553472000.0
punta arenas,cl,3874787.0,-53.16,-70.91,51.49,62.0,75.0,19.46,1553474586.0
barrow,us,4252975.0,39.51,-90.4,54.37,93.0,90.0,9.17,1553475016.0
sao filipe,cv,3374210.0,14.9,-24.5,69.15,100.0,0.0,10.2,1553474900.0
hobart,au,2163355.0,-42.88,147.33,54.48,50.0,75.0,29.97,1553475074.0
cabo san lucas,mx,3985710.0,22.89,-109.91,77.02,32.0,5.0,11.41,1553474807.0
kadiri,in,1268673.0,14.11,78.16,74.46,56.0,0.0,5.06,1553475112.0
yermekeyevo,ru,467260.0,54.07,53.67,33.78,95.0,92.0,13.89,1553475112.0
puerto ayora,ec,3652764.0,-0.74,-90.35,79.84,78.0,75.0,10.29,1553474739.0
lianzhou,cn,1803841.0,24.79,112.38,51.51,97.0,88.0,2.71,1553475113.0
salina,us,4550364.0,36.29,-95.15,62.91,55.0,1.0,4.7,1553474909.0
saint george,bm,3573061.0,32.38,-64.68,60.91,59.0,75.0,3.36,1553473516.0
dikson,ru,1507390.0,73.51,80.55,24.24,93.0,88.0,35.14,1553475114.0
hermanus,za,3366880.0,-34.42,19.24,62.08,96.0,64.0,2.37,1553474786.0
ushuaia,ar,3833367.0,-54.81,-68.31,44.6,100.0,40.0,17.22,1553472000.0
atuona,pf,4020109.0,-9.8,-139.03,82.38,100.0,44.0,16.46,1553475115.0
severo-kurilsk,ru,2121385.0,50.68,156.12,27.48,100.0,48.0,15.57,1553474972.0
upernavik,gl,3418910.0,72.79,-56.15,-0.61,100.0,0.0,26.87,1553474849.0
ponta do sol,cv,3374346.0,17.2,-25.09,71.6,64.0,40.0,8.05,1553472000.0
maniitsoq,gl,3421982.0,65.42,-52.9,31.26,78.0,88.0,10.76,1553475117.0
busselton,au,2075265.0,-33.64,115.35,59.65,38.0,0.0,18.25,1553474781.0
havoysund,no,779622.0,71.0,24.66,26.6,68.0,75.0,23.04,1553471400.0
portland,au,2152668.0,-33.35,149.98,63.36,92.0,88.0,21.99,1553474886.0
padang,id,1633419.0,-0.92,100.36,77.0,88.0,20.0,1.12,1553472000.0
nabire,id,1634614.0,-3.36,135.5,75.72,84.0,12.0,1.25,1553475120.0
hofn,is,2630299.0,64.25,-15.21,36.93,100.0,76.0,8.97,1553475120.0
morant bay,jm,3489440.0,17.88,-76.41,80.6,69.0,20.0,9.17,1553472000.0
bathsheba,bb,3374083.0,13.22,-59.52,78.8,78.0,75.0,14.99,1553472000.0
rikitea,pf,4030556.0,-23.12,-134.97,79.77,97.0,20.0,13.67,1553474879.0
kodiak,us,4407665.0,39.95,-94.76,50.32,93.0,90.0,14.99,1553474925.0
leningradskiy,ru,2123814.0,69.38,178.42,4.08,100.0,76.0,9.64,1553474974.0
grand-santi,gf,3381538.0,4.27,-54.38,73.83,95.0,48.0,2.37,1553475123.0
petropavlovsk-kamchatskiy,ru,2122104.0,53.05,158.65,33.8,47.0,36.0,6.71,1553472000.0
honiara,sb,2108502.0,-9.43,159.96,79.41,92.0,76.0,2.59,1553475124.0
constitucion,mx,4011743.0,23.99,-104.67,77.97,5.0,5.0,6.93,1553475015.0
deputatskiy,ru,2028164.0,69.3,139.9,-9.61,64.0,12.0,5.95,1553475125.0
new norfolk,au,2155415.0,-42.78,147.06,54.07,50.0,75.0,29.97,1553474806.0
sitka,us,4267710.0,37.17,-99.65,55.99,62.0,0.0,4.0,1553474731.0
norman wells,ca,6089245.0,65.28,-126.83,30.2,80.0,90.0,5.82,1553472000.0
klaksvik,fo,2618795.0,62.23,-6.59,39.2,80.0,0.0,14.99,1553473200.0
bredasdorp,za,1015776.0,-34.53,20.04,59.72,93.0,80.0,5.82,1553473835.0
pacific grove,us,5380437.0,36.62,-121.92,59.94,44.0,1.0,11.41,1553474905.0
kesinga,in,1267222.0,20.19,83.22,63.39,81.0,0.0,2.93,1553475129.0
chokurdakh,ru,2126123.0,70.62,147.9,-5.11,82.0,20.0,4.83,1553475129.0
mahebourg,mu,934322.0,-20.41,57.7,77.43,83.0,75.0,11.41,1553474638.0
salym,ru,1493162.0,60.06,71.48,20.28,86.0,0.0,6.96,1553475130.0
teya,ru,1489656.0,60.37,92.63,22.71,93.0,80.0,2.59,1553475131.0
kapaa,us,5848280.0,22.08,-159.32,74.43,83.0,75.0,10.29,1553474903.0
egvekinot,ru,4031742.0,66.32,-179.17,6.51,81.0,64.0,4.61,1553475033.0
vaini,to,4032243.0,-21.2,-175.2,84.2,66.0,75.0,13.87,1553472000.0
adrar,dz,2508813.0,27.87,-0.29,64.4,25.0,0.0,8.05,1553472000.0
hoa binh,vn,1580830.0,20.81,105.34,60.8,100.0,75.0,5.82,1553472000.0
sao joao da barra,br,3448903.0,-21.64,-41.05,81.21,98.0,0.0,10.09,1553474850.0
touros,br,3386213.0,-5.2,-35.46,82.4,83.0,20.0,5.82,1553472000.0
butaritari,ki,2110227.0,3.07,172.79,83.1,100.0,76.0,8.75,1553474890.0
te anau,nz,2181625.0,-45.41,167.72,64.65,81.0,92.0,10.54,1553475135.0
vestmannaeyjar,is,3412093.0,63.44,-20.27,31.35,100.0,20.0,4.94,1553475135.0
geraldton,ca,5960603.0,49.72,-86.95,23.0,24.0,5.0,9.17,1553472000.0
miramar,mx,4005539.0,20.64,-103.45,84.2,12.0,5.0,3.27,1553471280.0
luderitz,na,3355672.0,-26.65,15.16,58.8,92.0,20.0,12.55,1553475136.0
ratnagiri,in,1258338.0,16.98,73.3,76.89,100.0,0.0,2.48,1553474868.0
camacha,pt,2270385.0,33.08,-16.33,63.64,77.0,40.0,19.46,1553472000.0
rawson,ar,3839307.0,-43.3,-65.11,52.5,65.0,0.0,8.19,1553475086.0
nagahama,jp,1856243.0,35.49,136.29,48.0,70.0,24.0,1.01,1553474613.0
shenzhen,cn,1795565.0,22.54,114.05,62.65,93.0,75.0,8.95,1553475086.0
elizabeth city,us,4465088.0,36.3,-76.22,59.11,43.0,1.0,8.05,1553475137.0
san marcos,co,3669346.0,8.66,-75.13,84.18,77.0,20.0,2.59,1553475139.0
kondopoga,ru,545626.0,62.21,34.27,33.8,64.0,0.0,8.95,1553472000.0
waddan,ly,2209055.0,29.16,16.14,45.57,88.0,0.0,5.28,1553475140.0
yellowknife,ca,6185377.0,62.45,-114.38,28.47,54.0,20.0,18.34,1553474732.0
victoria,sc,241131.0,-4.62,55.45,82.4,83.0,20.0,5.82,1553472000.0
albany,au,2077963.0,-35.02,117.88,59.0,67.0,75.0,1.12,1553472000.0
tasiilaq,gl,3424607.0,65.61,-37.64,21.2,79.0,92.0,35.57,1553471400.0
hasaki,jp,2112802.0,35.73,140.83,50.67,61.0,40.0,8.05,1553474892.0
kavieng,pg,2094342.0,-2.57,150.8,84.0,100.0,64.0,8.3,1553475100.0
bubaque,gw,2374583.0,11.28,-15.83,77.07,100.0,80.0,14.67,1553475144.0
hithadhoo,mv,1282256.0,-0.6,73.08,83.28,100.0,88.0,8.19,1553474969.0
saldanha,za,3361934.0,-33.01,17.94,59.0,87.0,0.0,8.05,1553472000.0
peta,gr,255458.0,39.17,21.03,45.07,93.0,20.0,1.92,1553475060.0
zhezkazgan,kz,1516589.0,47.8,67.71,23.61,83.0,44.0,3.15,1553474976.0
shingu,jp,1847947.0,33.72,135.99,55.4,100.0,40.0,4.7,1553472000.0
castro,cl,3896218.0,-42.48,-73.76,50.0,87.0,0.0,8.05,1553472000.0
bowen,au,2174444.0,-20.01,148.25,85.66,74.0,75.0,8.05,1553474790.0
caravelas,br,3466980.0,-17.73,-39.27,82.47,100.0,80.0,13.67,1553474933.0
mar del plata,ar,3863379.0,-46.43,-67.52,54.03,90.0,0.0,5.73,1553474860.0
chuy,uy,3443061.0,-33.69,-53.46,63.57,77.0,0.0,16.69,1553474948.0
isangel,vu,2136825.0,-19.55,169.27,86.0,62.0,75.0,11.41,1553472000.0
saint-philippe,re,935215.0,-21.36,55.77,74.75,69.0,0.0,5.82,1553474802.0
bethel,us,5880568.0,60.79,-161.76,37.85,93.0,90.0,11.41,1553472720.0
suining,cn,1793900.0,30.51,105.57,43.23,87.0,12.0,2.82,1553475150.0
inirida,co,3671450.0,3.87,-67.92,76.08,95.0,12.0,1.92,1553475151.0
martapura,id,1636022.0,-3.41,114.85,78.8,94.0,20.0,2.24,1553472000.0
esperance,au,2071860.0,-33.86,121.89,59.0,58.0,90.0,6.93,1553472000.0
cape town,za,3369157.0,-33.93,18.42,65.19,88.0,20.0,13.87,1553475097.0
fortuna,us,5563839.0,40.6,-124.16,59.09,100.0,1.0,11.41,1553475127.0
rio gallegos,ar,3838859.0,-51.62,-69.22,53.6,54.0,75.0,11.41,1553472000.0
san juan,ar,3837213.0,-31.54,-68.53,65.37,51.0,80.0,2.15,1553475154.0
opuwo,na,3354077.0,-18.06,13.84,63.03,74.0,12.0,1.03,1553475154.0
ankang,cn,1789065.0,32.73,108.99,37.83,82.0,0.0,1.92,1553475154.0
qeshm,ir,119374.0,26.96,56.27,67.19,77.0,20.0,6.93,1553472000.0
talcahuano,cl,3870282.0,-36.72,-73.12,59.0,67.0,0.0,16.11,1553472000.0
nome,us,4732862.0,30.04,-94.42,70.92,78.0,90.0,6.93,1553475028.0
faanui,pf,4034551.0,-16.48,-151.75,85.8,97.0,12.0,13.44,1553475156.0
tuktoyaktuk,ca,6170031.0,69.44,-133.03,23.0,79.0,75.0,10.29,1553472000.0
san cristobal,ec,3652567.0,-1.02,-79.44,63.48,100.0,92.0,1.36,1553475157.0
moose factory,ca,6078372.0,51.26,-80.61,14.0,47.0,90.0,11.41,1553472000.0
deniliquin,au,2169068.0,-35.53,144.96,66.9,69.0,20.0,17.58,1553475158.0
khandyga,ru,2022773.0,62.65,135.58,3.09,63.0,0.0,2.59,1553475158.0
beinamar,td,2435708.0,8.67,15.38,82.38,47.0,80.0,8.97,1553475159.0
kruisfontein,za,986717.0,-34.0,24.73,66.0,91.0,80.0,12.44,1553474897.0
eyl,so,60019.0,7.98,49.82,77.97,100.0,100.0,5.73,1553475160.0
namatanai,pg,2090021.0,-3.66,152.44,81.75,100.0,48.0,7.74,1553475157.0
bluff,nz,2206939.0,-46.6,168.33,66.0,88.0,56.0,7.63,1553474405.0
carnarvon,au,2074865.0,-24.87,113.63,84.2,42.0,0.0,10.29,1553472000.0
mangaratiba,br,3457991.0,-22.96,-44.04,81.99,74.0,40.0,3.36,1553475054.0
paamiut,gl,3421193.0,61.99,-49.67,36.21,82.0,76.0,40.85,1553475162.0
xining,cn,1788852.0,36.62,101.77,13.98,49.0,0.0,2.71,1553475162.0
walvis bay,na,3359638.0,-22.95,14.51,60.31,77.0,68.0,6.93,1553472149.0
nishihara,jp,1850144.0,35.74,139.53,49.24,42.0,40.0,3.36,1553475157.0
manokwari,id,1636308.0,-0.87,134.08,81.75,97.0,56.0,5.95,1553475062.0
bambous virieux,mu,1106677.0,-20.34,57.76,78.13,83.0,75.0,11.41,1553474939.0
punto fijo,ve,3629576.0,11.69,-70.21,82.11,62.0,0.0,24.85,1553475164.0
cidreira,br,3466165.0,-30.17,-50.22,72.03,69.0,20.0,10.54,1553475165.0
amahai,id,1651591.0,-3.31,129.0,82.92,100.0,12.0,7.74,1553475063.0
vardo,no,777019.0,70.37,31.11,26.6,79.0,75.0,25.28,1553471400.0
salinopolis,br,3389822.0,-0.61,-47.36,80.49,98.0,88.0,11.77,1553475166.0
dodge city,us,5445298.0,37.75,-100.02,54.61,50.0,1.0,12.75,1553475023.0
clyde river,ca,5924351.0,70.47,-68.59,-14.81,75.0,90.0,35.57,1553474040.0
champerico,gt,3598787.0,14.3,-91.92,82.4,65.0,75.0,6.93,1553472000.0
brooks,ca,5909514.0,50.57,-111.89,34.0,90.0,92.0,4.0,1553474732.0
santiago del estero,ar,3835869.0,-27.8,-64.26,74.01,73.0,36.0,3.27,1553475026.0
sibolga,id,1213855.0,1.74,98.78,67.89,100.0,32.0,1.59,1553475169.0
nhulunbuy,au,2064735.0,-12.18,136.78,87.8,74.0,75.0,12.75,1553472000.0
atar,mr,2381334.0,20.52,-13.05,58.53,44.0,0.0,2.71,1553475170.0
asuncion,py,3439389.0,-25.3,-57.63,78.8,61.0,0.0,5.82,1553472000.0
palmer,us,5871146.0,61.6,-149.11,45.0,65.0,90.0,11.41,1553475138.0
tres arroyos,ar,3833859.0,-38.38,-60.28,56.91,83.0,92.0,13.0,1553475171.0
ulladulla,au,2145554.0,-35.36,150.48,78.91,50.0,0.0,12.75,1553474654.0
aneho,tg,2367990.0,6.23,1.6,82.4,88.0,20.0,10.29,1553472000.0
jamestown,sh,3370903.0,-15.94,-5.72,76.89,100.0,92.0,16.58,1553475172.0
bilibino,ru,2126682.0,68.06,166.44,8.22,62.0,8.0,6.85,1553475173.0
hilo,us,5855927.0,19.71,-155.08,71.37,73.0,90.0,9.17,1553475017.0
provideniya,ru,4031574.0,64.42,-173.23,32.0,97.0,90.0,11.18,1553472000.0
port elizabeth,za,964420.0,-33.92,25.57,69.8,94.0,75.0,14.99,1553472000.0
coahuayana,mx,3981460.0,18.62,-100.35,85.89,20.0,0.0,2.48,1553475158.0
acapulco,mx,3533462.0,16.86,-99.88,84.2,70.0,20.0,14.99,1553471100.0
montbeliard,fr,2992938.0,47.52,6.8,43.57,93.0,0.0,4.7,1553475142.0
caxias,br,3391489.0,-4.87,-43.35,71.67,98.0,92.0,2.37,1553475176.0
gamba,ga,2400547.0,-2.72,10.02,81.84,100.0,80.0,7.18,1553475177.0
ayagoz,kz,1525988.0,47.96,80.43,16.23,71.0,32.0,3.15,1553475177.0
yatou,cn,1783956.0,33.81,104.32,23.7,97.0,8.0,1.7,1553475178.0
anadyr,ru,2127202.0,64.73,177.51,23.5,92.0,90.0,26.84,1553474586.0
grindavik,is,3416888.0,63.84,-22.43,33.35,100.0,90.0,18.34,1553474681.0
fort nelson,ca,5955902.0,58.81,-122.69,53.6,37.0,40.0,6.93,1553472000.0
hambantota,lk,1244926.0,6.12,81.12,71.6,100.0,5.0,4.7,1553472600.0
prince rupert,ca,6113406.0,54.32,-130.32,53.6,54.0,1.0,12.75,1553472000.0
marsa matruh,eg,352733.0,31.35,27.25,57.2,62.0,0.0,17.22,1553472000.0
tallahassee,us,4174715.0,30.44,-84.28,66.31,59.0,20.0,4.7,1553475049.0
broken hill,au,2173911.0,-31.97,141.45,64.4,68.0,40.0,21.92,1553472000.0
pauini,br,3662927.0,-7.71,-67.0,81.03,87.0,48.0,2.59,1553475181.0
alice springs,au,2077895.0,-23.7,133.88,80.6,65.0,75.0,14.99,1553472000.0
east london,za,1006984.0,-33.02,27.91,72.66,100.0,44.0,17.81,1553474999.0
port antonio,jm,3489005.0,18.18,-76.45,80.6,69.0,20.0,9.17,1553472000.0
pisco,pe,3932145.0,-13.71,-76.2,71.6,78.0,0.0,18.34,1553472000.0
kalabagh,pk,1185056.0,34.07,73.37,57.0,78.0,0.0,1.99,1553474933.0
ribeira grande,pt,3372707.0,38.52,-28.7,58.8,100.0,44.0,2.15,1553475183.0
macapa,br,3396016.0,0.05,-51.07,77.0,100.0,90.0,5.82,1553472000.0
kavaratti,in,1267390.0,10.57,72.64,83.1,100.0,0.0,2.93,1553474891.0
ilhabela,br,3461425.0,-23.78,-45.36,78.6,100.0,0.0,11.65,1553475148.0
khatanga,ru,2022572.0,71.98,102.47,6.24,80.0,68.0,10.87,1553474931.0
qasigiannguit,gl,3420768.0,68.82,-51.19,30.2,58.0,80.0,21.92,1553471400.0
alofi,nu,4036284.0,-19.06,-169.92,86.0,51.0,24.0,14.99,1553472000.0
monrovia,lr,2274895.0,6.33,-10.8,78.8,94.0,20.0,6.62,1553472000.0
hasilpur,pk,1177042.0,29.69,72.55,59.88,89.0,64.0,3.71,1553475187.0
arraial do cabo,br,3471451.0,-22.97,-42.02,79.05,90.0,24.0,9.98,1553475187.0
terney,ru,2015352.0,45.05,136.61,36.93,81.0,0.0,5.73,1553475187.0
trincomalee,lk,1226260.0,8.58,81.23,68.34,87.0,0.0,3.94,1553475188.0
urgut,uz,1215839.0,39.41,67.25,46.4,81.0,44.0,9.17,1553472000.0
banda aceh,id,1215502.0,5.56,95.32,75.45,98.0,68.0,1.7,1553475064.0
jega,ng,2336237.0,12.22,4.38,76.17,60.0,48.0,3.04,1553475189.0
tecoman,mx,3982213.0,18.91,-103.87,84.2,32.0,5.0,17.22,1553470800.0
kendari,id,1640344.0,-3.99,122.52,78.6,96.0,8.0,3.94,1553475190.0
marfino,ru,503977.0,56.07,37.56,32.0,92.0,40.0,11.18,1553474509.0
georgetown,sh,2411397.0,-7.93,-14.42,81.48,100.0,100.0,10.76,1553475191.0
belmonte,br,3448454.0,-26.84,-53.58,70.0,99.0,0.0,5.73,1553475003.0
skibbereen,ie,2961459.0,51.55,-9.27,42.8,87.0,40.0,6.93,1553473800.0
revda,ru,502010.0,67.94,34.55,27.3,94.0,92.0,2.71,1553475192.0
lima,pe,3936456.0,-12.06,-77.04,71.8,78.0,0.0,12.75,1553474528.0
veraval,in,1253237.0,20.9,70.37,78.42,57.0,32.0,15.46,1553475193.0
presidencia roque saenz pena,ar,3840300.0,-26.79,-60.44,77.7,66.0,64.0,3.6,1553475193.0
cherskiy,ru,2126199.0,68.75,161.3,1.38,60.0,0.0,5.17,1553474933.0
burley,us,5587385.0,42.54,-113.79,43.5,86.0,90.0,13.87,1553474700.0
mayskiy,ru,528248.0,43.63,44.06,35.2,74.0,90.0,2.24,1553472000.0
ust-kuyga,ru,2013921.0,70.0,135.55,-12.85,78.0,8.0,3.38,1553475196.0
herat,af,1140026.0,34.35,62.22,43.95,68.0,0.0,6.96,1553475196.0
kaitangata,nz,2208248.0,-46.28,169.85,71.58,79.0,68.0,3.83,1553474951.0
katsuura,jp,1865309.0,33.93,134.5,50.86,61.0,75.0,4.7,1553474572.0
eureka,us,5563397.0,40.8,-124.16,58.28,100.0,1.0,11.41,1553474910.0
asosa,et,343292.0,10.07,34.53,74.19,57.0,92.0,2.93,1553475198.0
buluang,ph,1717512.0,10.47,123.98,82.4,65.0,40.0,10.29,1553472000.0
taree,au,2147381.0,-31.91,152.46,80.82,69.0,12.0,8.05,1553474699.0
lawrenceburg,us,4635849.0,35.24,-87.33,63.18,55.0,20.0,5.95,1553475110.0
bonito,br,3393829.0,-1.36,-47.3,76.53,92.0,76.0,6.17,1553475201.0
hutchinson,us,4273299.0,38.06,-97.93,56.14,58.0,75.0,14.99,1553475058.0
cazones,mx,3531391.0,20.72,-97.32,78.8,69.0,5.0,11.41,1553471100.0
severodvinsk,ru,496285.0,64.56,39.82,33.8,84.0,40.0,6.71,1553472000.0
cape canaveral,us,4149959.0,28.41,-80.6,69.08,77.0,1.0,5.82,1553475183.0
saint-pierre,pm,3424934.0,46.77,-56.17,30.07,80.0,0.0,19.46,1553472000.0
bridgend,gb,2654755.0,51.51,-3.58,45.05,87.0,75.0,9.17,1553475196.0
necochea,ar,3430443.0,-38.55,-58.74,55.85,69.0,68.0,8.99,1553474815.0
praya,id,1630662.0,-8.71,116.27,80.6,88.0,75.0,3.36,1553473800.0
havre-saint-pierre,ca,5972291.0,50.23,-63.6,14.0,40.0,20.0,14.99,1553472000.0
camocim,br,3403687.0,-2.9,-40.84,75.09,94.0,44.0,2.93,1553475204.0
dunedin,nz,2191562.0,-45.87,170.5,64.0,89.0,76.0,9.75,1553474845.0
thompson,ca,6165406.0,55.74,-97.86,21.2,31.0,40.0,9.17,1553472000.0
opochka,ru,515155.0,56.71,28.66,27.39,63.0,0.0,10.42,1553475205.0
knin,hr,3197986.0,44.04,16.2,45.39,57.0,0.0,4.7,1553475067.0
yerbogachen,ru,2012956.0,61.28,108.01,-1.51,67.0,0.0,2.59,1553475076.0
teahupoo,pf,4033543.0,-17.83,-149.27,87.48,70.0,40.0,2.24,1553475182.0
iqaluit,ca,5983720.0,63.75,-68.52,1.18,77.0,90.0,12.75,1553474562.0
ginir,et,336454.0,7.14,40.71,54.75,79.0,0.0,3.15,1553475207.0
saskylakh,ru,2017155.0,71.97,114.09,-10.33,70.0,64.0,3.27,1553475208.0
notse,tg,2364752.0,6.95,1.17,74.64,85.0,20.0,6.73,1553475208.0
pashiya,ru,512413.0,58.43,58.26,26.85,95.0,80.0,4.83,1553475209.0
chake chake,tz,160677.0,-5.25,39.77,80.94,100.0,36.0,4.38,1553475209.0
otaki,nz,2206372.0,-40.76,175.15,70.32,73.0,8.0,17.22,1553475019.0
kahului,us,5847411.0,20.89,-156.47,74.12,78.0,90.0,9.17,1553474861.0
matagami,ca,6067747.0,49.76,-77.63,10.4,46.0,1.0,8.05,1553472000.0
chapais,ca,5919850.0,49.78,-74.86,6.8,38.0,1.0,9.17,1553472000.0
khlung,th,1609858.0,12.46,102.22,83.46,100.0,40.0,5.61,1553474759.0
banepa,np,1283679.0,27.63,85.52,53.6,93.0,20.0,2.93,1553473200.0
ambilobe,mg,1082243.0,-13.19,49.05,73.38,95.0,76.0,0.69,1553475212.0
ballina,ie,2966778.0,54.11,-9.15,44.04,88.0,88.0,1.99,1553474892.0
mount gambier,au,2156643.0,-37.83,140.78,51.8,66.0,75.0,35.57,1553472600.0
rancho palos verdes,us,5386035.0,33.75,-118.37,65.41,55.0,1.0,5.82,1553475194.0
roznava,sk,723713.0,48.66,20.54,42.71,93.0,90.0,2.24,1553475008.0
lamu,ke,189741.0,-2.27,40.9,77.07,97.0,8.0,6.06,1553475215.0
flin flon,ca,5954718.0,54.77,-101.88,21.72,48.0,0.0,1.36,1553475215.0
ampanihy,mg,1078553.0,-24.69,44.75,72.57,75.0,8.0,8.19,1553475215.0
vaitape,pf,4033077.0,-16.52,-151.75,85.08,97.0,56.0,12.44,1553475176.0
juneau,us,5554072.0,58.3,-134.42,51.8,57.0,40.0,9.17,1553471760.0
itarema,br,3393692.0,-2.92,-39.92,76.62,95.0,80.0,2.93,1553475216.0
vangaindrano,mg,1054329.0,-23.35,47.6,69.69,98.0,88.0,2.93,1553475217.0
buala,sb,2109528.0,-8.15,159.59,85.8,81.0,92.0,5.17,1553475217.0
santa fe,pa,3701195.0,8.66,-78.16,84.72,63.0,0.0,11.54,1553475218.0
tazovskiy,ru,1489853.0,67.47,78.7,20.37,86.0,56.0,16.24,1553475218.0
kolobrzeg,pl,3095795.0,54.18,15.58,30.99,87.0,36.0,9.08,1553474885.0
port lincoln,au,2063036.0,-34.72,135.86,63.66,84.0,24.0,23.85,1553475219.0
chipinge,zw,893549.0,-20.19,32.62,61.95,93.0,0.0,2.93,1553475219.0
cooma,au,2170577.0,-36.24,149.13,66.2,59.0,48.0,29.97,1553472000.0
gazanjyk,tm,161974.0,39.24,55.52,43.41,87.0,8.0,2.15,1553475220.0
aripuana,br,3665202.0,-9.17,-60.63,78.06,92.0,20.0,2.15,1553475066.0
praia,cv,3374333.0,14.92,-23.51,69.8,60.0,40.0,8.05,1553472000.0
manbij,sy,167357.0,36.53,37.96,41.0,48.0,0.0,11.41,1553473200.0
nantucket,us,4944903.0,41.28,-70.1,42.6,87.0,75.0,20.8,1553475155.0
tolland,us,4844273.0,41.87,-72.37,45.73,56.0,20.0,9.17,1553474961.0
puro,ph,1706889.0,13.13,123.76,74.37,99.0,88.0,4.27,1553475223.0
marsh harbour,bs,3571913.0,26.54,-77.06,73.65,100.0,76.0,15.46,1553475004.0
tongchuan,cn,7064006.0,34.9,108.95,44.6,52.0,0.0,2.24,1553472000.0
port hardy,ca,6111862.0,50.7,-127.42,51.8,71.0,20.0,5.82,1553472000.0
longyearbyen,sj,2729907.0,78.22,15.64,10.4,72.0,75.0,12.75,1553475000.0
katakwi,ug,231947.0,1.91,33.96,69.24,74.0,8.0,4.72,1553475226.0
ust-tsilma,ru,477940.0,65.44,52.15,33.51,83.0,92.0,7.74,1553475226.0
pangnirtung,ca,6096551.0,66.15,-65.72,15.6,70.0,76.0,30.89,1553475227.0
waingapu,id,1622318.0,-9.65,120.26,79.5,87.0,88.0,7.96,1553475228.0
vao,nc,2137773.0,-22.67,167.48,79.23,98.0,88.0,17.36,1553475228.0
hue,vn,1580240.0,16.47,107.58,71.6,94.0,75.0,4.7,1553472000.0
ilulissat,gl,3423146.0,69.22,-51.1,30.2,58.0,80.0,21.92,1553471400.0
yar-sale,ru,1486321.0,66.83,70.83,28.65,88.0,80.0,17.25,1553475001.0
anloga,gh,2304548.0,5.79,0.9,82.4,88.0,20.0,10.29,1553472000.0
diego de almagro,cl,3892454.0,-26.39,-70.05,65.37,78.0,0.0,2.48,1553475230.0
tripoli,ly,2210247.0,32.88,13.19,56.91,100.0,12.0,1.48,1553475230.0
komsomolskiy,ru,1486910.0,67.55,63.78,30.9,94.0,92.0,15.68,1553475057.0
lagoa,pt,2267254.0,37.14,-8.45,57.74,77.0,0.0,8.05,1553475130.0
namibe,ao,3347019.0,-15.19,12.15,76.89,100.0,0.0,8.41,1553475232.0
aykhal,ru,2027296.0,65.95,111.51,-13.84,39.0,0.0,2.71,1553475084.0
kosh-agach,ru,1502422.0,49.99,88.66,4.98,71.0,0.0,2.82,1553475233.0
half moon bay,us,5354943.0,37.46,-122.43,61.11,66.0,1.0,4.7,1553475194.0
mwinilunga,zm,902620.0,-11.73,24.43,63.84,95.0,44.0,2.04,1553475234.0
stornoway,gb,2636790.0,58.21,-6.39,42.8,70.0,80.0,18.34,1553473200.0
yulara,au,6355222.0,-25.24,130.99,80.6,44.0,64.0,18.34,1553472000.0
iskateley,ru,866062.0,67.68,53.15,29.55,92.0,88.0,13.44,1553475237.0
coquimbo,cl,3893629.0,-29.95,-71.34,57.2,87.0,75.0,8.05,1553472000.0
sri aman,my,1735799.0,1.24,111.46,78.8,94.0,40.0,2.15,1553472000.0
utevka,ru,477744.0,52.9,50.95,34.77,93.0,92.0,13.67,1553475238.0
saint-ambroise,ca,6137381.0,48.56,-71.32,15.35,40.0,5.0,5.82,1553475105.0
torbay,ca,6167817.0,47.66,-52.73,30.56,86.0,20.0,18.34,1553474905.0
makakilo city,us,5850554.0,21.35,-158.09,78.13,60.0,75.0,6.93,1553475014.0
abha,sa,110690.0,18.22,42.5,63.54,55.0,0.0,8.05,1553472000.0
montrose,us,5431710.0,38.48,-107.88,47.08,62.0,1.0,5.06,1553474917.0
vanimo,pg,2084442.0,-2.67,141.3,80.49,100.0,80.0,9.31,1553475241.0
vilhena,br,3924679.0,-12.74,-60.15,75.09,90.0,8.0,1.36,1553475241.0
qaqortoq,gl,3420846.0,60.72,-46.03,39.2,38.0,48.0,28.86,1553471400.0
oranjemund,na,3354071.0,-28.55,16.43,62.31,92.0,92.0,15.01,1553475242.0
kualakapuas,id,1639304.0,-3.01,114.39,78.8,94.0,20.0,2.24,1553472000.0
devils lake,us,5058868.0,48.11,-98.87,21.2,85.0,1.0,8.05,1553474100.0
muros,es,3115824.0,42.77,-9.06,55.02,61.0,0.0,4.7,1553475166.0
narsaq,gl,3421719.0,60.91,-46.05,39.2,38.0,92.0,28.86,1553471400.0
albert,fr,3038271.0,50.0,2.65,40.32,93.0,0.0,8.05,1553475194.0
san rafael,ar,3836669.0,-34.61,-68.33,57.45,31.0,20.0,5.95,1553475245.0
novobelokatay,ru,519027.0,55.7,58.96,23.7,76.0,20.0,7.74,1553475245.0
tabou,ci,2281120.0,4.42,-7.36,84.27,94.0,44.0,11.21,1553475246.0
guerrero negro,mx,4021858.0,27.97,-114.04,69.15,50.0,12.0,13.11,1553475246.0
san ramon,bo,3905088.0,-13.27,-64.62,79.05,85.0,8.0,3.38,1553475247.0
panjab,af,1131162.0,34.38,67.02,1.65,55.0,0.0,1.81,1553475247.0
olimpia,br,3455923.0,-20.74,-48.91,80.6,51.0,0.0,3.36,1553472000.0
bonthe,sl,2409914.0,7.53,-12.5,80.76,82.0,44.0,4.05,1553475248.0
santa vitoria,br,3662927.0,-7.82,-67.03,81.03,87.0,48.0,2.59,1553475248.0
maldonado,uy,3441894.0,-34.91,-54.96,62.6,67.0,75.0,27.51,1553472000.0
moron,mn,2029947.0,47.38,110.32,17.85,66.0,0.0,2.71,1553475250.0
college,us,5859699.0,64.86,-147.8,49.73,45.0,75.0,2.71,1553475114.0
shieli,kz,1524801.0,44.18,66.74,39.45,84.0,8.0,2.71,1553475250.0
broome,au,2075720.0,-17.97,122.23,84.2,79.0,20.0,6.93,1553472000.0
husavik,is,2629833.0,66.04,-17.34,30.2,86.0,75.0,4.7,1553472000.0
naze,jp,1855540.0,28.37,129.48,64.4,68.0,75.0,8.05,1553472000.0
port hedland,au,2063042.0,-20.31,118.58,80.6,83.0,90.0,25.28,1553473560.0
vanderhoof,ca,6173361.0,54.02,-124.02,43.41,60.0,80.0,3.27,1553475252.0
gaoyou,cn,1810309.0,32.79,119.43,57.31,65.0,32.0,3.0,1553475213.0
katherine,au,2068655.0,-14.47,132.26,86.0,74.0,75.0,10.29,1553472180.0
hamilton,bm,3573197.0,32.3,-64.78,60.89,59.0,75.0,3.36,1553475116.0
sigli,id,1213821.0,5.38,95.96,75.63,100.0,88.0,5.61,1553475254.0
fuxin,cn,2037346.0,42.02,121.65,44.85,39.0,8.0,3.71,1553475254.0
fairbanks,us,5861897.0,64.84,-147.72,49.42,45.0,75.0,2.71,1553475008.0
guangyuan,cn,1806466.0,32.43,105.86,50.0,71.0,36.0,2.15,1553475200.0
inuvik,ca,5983607.0,68.36,-133.71,35.6,51.0,40.0,2.24,1553472000.0
cap malheureux,mu,934649.0,-19.98,57.61,78.57,83.0,75.0,11.41,1553474939.0
kununurra,au,2068110.0,-15.77,128.74,89.6,59.0,0.0,8.05,1553472000.0
hovd,mn,1516048.0,48.01,91.64,15.78,57.0,12.0,3.38,1553475257.0
ponta delgada,pt,3372783.0,37.73,-25.67,55.98,82.0,20.0,12.75,1553475235.0
olinda,br,3456160.0,-22.82,-43.41,80.2,74.0,20.0,8.05,1553475054.0
najran,sa,103630.0,17.54,44.22,73.4,31.0,0.0,6.51,1553472000.0
uglegorsk,ru,2120261.0,49.08,142.06,20.64,74.0,0.0,1.92,1553475258.0
sinnamary,gf,3380290.0,5.38,-52.96,80.4,92.0,68.0,12.1,1553475259.0
camargo,bo,3922451.0,-20.64,-65.21,51.15,72.0,8.0,3.04,1553475259.0
suhbaatar,mn,2029156.0,50.23,106.21,22.62,82.0,48.0,2.93,1553475259.0
zhigansk,ru,2012530.0,66.77,123.37,-2.14,71.0,0.0,6.17,1553475260.0
talnakh,ru,1490256.0,69.49,88.39,18.57,91.0,92.0,11.65,1553475260.0
terrace bay,ca,6162951.0,48.78,-87.1,22.44,100.0,0.0,11.43,1553474985.0
mount isa,au,2065594.0,-20.73,139.49,84.2,66.0,75.0,19.46,1553472000.0
gorokhovets,ru,559459.0,56.21,42.68,32.0,91.0,90.0,4.47,1553472000.0
makungu,tz,155093.0,-8.74,35.29,66.81,95.0,80.0,1.36,1553475262.0
chunoyar,ru,1507638.0,57.45,97.32,22.35,69.0,76.0,6.17,1553475262.0
puerto colombia,co,3671497.0,10.99,-74.96,78.89,83.0,0.0,18.34,1553474766.0
udachnyy,ru,2014624.0,66.42,112.4,-11.68,54.0,0.0,2.37,1553475263.0
tahoua,ne,2439376.0,14.89,5.26,74.64,29.0,8.0,8.97,1553475264.0
lompoc,us,5367788.0,34.64,-120.46,63.03,63.0,1.0,12.75,1553475227.0
raudeberg,no,3146487.0,61.99,5.14,36.23,93.0,88.0,3.36,1553475004.0
zhukovka,ru,508101.0,55.51,37.29,32.0,93.0,40.0,6.71,1553474509.0
palora,ec,3653523.0,-1.7,-77.97,63.57,100.0,80.0,1.7,1553475265.0
ugoofaaru,mv,1337619.0,5.67,73.0,83.37,100.0,0.0,11.43,1553475203.0
lakhdenpokhya,ru,537147.0,61.52,30.2,30.99,81.0,80.0,12.77,1553475112.0
bilma,ne,2446796.0,18.69,12.92,73.47,17.0,36.0,13.56,1553475266.0
ketchikan,us,5554428.0,55.34,-131.65,52.45,57.0,1.0,14.99,1553471760.0
terenos,br,3446619.0,-20.44,-54.87,77.0,61.0,0.0,5.82,1553472000.0
caldas novas,br,3468100.0,-17.75,-48.62,67.53,96.0,44.0,2.82,1553475268.0
okhotsk,ru,2122605.0,59.36,143.24,24.51,75.0,24.0,4.83,1553475268.0
yumen,cn,1528998.0,40.29,97.04,29.1,49.0,0.0,8.41,1553475269.0
ixtapa,mx,4004293.0,20.71,-105.21,77.95,78.0,5.0,11.41,1553475018.0
mayor pablo lagerenza,py,3867427.0,-19.93,-60.77,74.28,90.0,68.0,3.6,1553475270.0
cedar city,us,5536630.0,37.68,-113.06,55.74,32.0,1.0,10.29,1553474717.0
whitehorse,ca,6180550.0,60.72,-135.06,47.95,27.0,20.0,14.99,1553475164.0
grand gaube,mu,934479.0,-20.01,57.66,78.55,83.0,75.0,11.41,1553474939.0
neftegorsk,ru,522945.0,52.8,51.16,34.77,93.0,92.0,13.67,1553475272.0
amga,ru,2027786.0,60.89,131.98,7.23,66.0,44.0,4.16,1553475272.0
beringovskiy,ru,2126710.0,63.05,179.32,31.98,100.0,80.0,7.74,1553475015.0
hun,ly,2216645.0,29.13,15.95,45.57,88.0,0.0,5.28,1553475273.0
ancud,cl,3899695.0,-41.87,-73.83,50.0,87.0,0.0,8.05,1553472000.0
corralillo,cu,3563317.0,22.98,-80.59,71.31,95.0,68.0,12.66,1553475273.0
sioux lookout,ca,6148373.0,50.1,-91.92,25.54,27.0,20.0,3.36,1553472000.0
kamariotissa,gr,736017.0,40.48,25.47,42.8,75.0,0.0,2.71,1553471400.0
pochutla,mx,3517970.0,15.74,-96.47,84.15,62.0,20.0,13.87,1553474701.0
halifax,ca,6324729.0,44.65,-63.58,39.65,48.0,40.0,9.17,1553475064.0
rocha,uy,3440777.0,-34.48,-54.34,62.94,66.0,64.0,17.47,1553475056.0
shimoda,jp,1852357.0,34.7,138.93,56.73,53.0,20.0,6.93,1553475186.0
sorong,id,1626542.0,-0.86,131.25,82.38,99.0,0.0,5.73,1553475276.0
matara,lk,1235846.0,5.95,80.54,74.82,100.0,0.0,7.96,1553475276.0
kulevcha,ua,705442.0,46.03,29.93,36.48,93.0,0.0,2.71,1553475277.0
luau,ao,876177.0,-10.71,22.22,63.93,97.0,64.0,2.26,1553475277.0
bosaso,so,64013.0,11.28,49.18,77.88,100.0,0.0,5.95,1553475277.0
carauari,br,3664659.0,-4.88,-66.9,79.68,91.0,20.0,1.59,1553475278.0
pevek,ru,2122090.0,69.7,170.27,0.75,92.0,48.0,10.98,1553475278.0
zhigalovo,ru,2012532.0,54.81,105.15,7.86,68.0,8.0,2.15,1553475279.0
ubaitaba,br,3445853.0,-14.31,-39.32,78.8,94.0,75.0,4.7,1553472000.0
pokhara,np,1282898.0,28.21,83.99,53.4,64.0,36.0,4.27,1553475116.0
kota kinabalu,my,1733432.0,5.98,116.07,82.54,79.0,75.0,6.93,1553472000.0
forio,it,3176748.0,40.73,13.86,53.17,87.0,0.0,6.93,1553475260.0
ngorongoro,tz,151610.0,-3.24,35.49,52.5,86.0,0.0,2.59,1553475281.0
srednekolymsk,ru,2121025.0,67.46,153.71,0.93,71.0,20.0,3.49,1553475083.0
elko,us,5703670.0,40.83,-115.76,44.85,42.0,40.0,6.93,1553474792.0
riyadh,sa,108410.0,24.63,46.72,77.0,41.0,75.0,10.29,1553472000.0
rehoboth,na,3353540.0,-23.31,17.08,60.33,49.0,32.0,2.59,1553475283.0
aklavik,ca,5882953.0,68.22,-135.01,35.6,51.0,40.0,2.24,1553472000.0
ewa beach,us,5855051.0,21.32,-158.01,78.15,60.0,75.0,6.93,1553475211.0
vila franca do campo,pt,3372472.0,37.72,-25.43,56.14,82.0,20.0,9.17,1553475055.0
camopi,gf,3382226.0,3.17,-52.33,74.37,95.0,80.0,3.15,1553475284.0
tiblawan,ph,1682393.0,6.48,126.11,78.42,100.0,68.0,6.73,1553475285.0
mutoko,zw,884927.0,-17.4,32.23,58.08,91.0,0.0,1.92,1553475285.0
ternate,id,1624041.0,0.8,127.4,82.29,100.0,8.0,6.73,1553475124.0
northam,au,2064550.0,-31.65,116.67,60.8,51.0,0.0,17.22,1553472000.0
wilmington,us,4145381.0,39.75,-75.55,53.28,34.0,1.0,5.82,1553475125.0
sabha,ly,2212775.0,27.03,14.43,53.13,62.0,0.0,7.52,1553475287.0
calahorra,es,3127065.0,42.3,-1.96,50.49,70.0,0.0,6.93,1553475004.0
korla,cn,1529376.0,41.76,86.15,45.68,90.0,24.0,3.27,1553475245.0
paita,pe,3694112.0,-5.09,-81.11,78.33,63.0,12.0,8.19,1553475288.0
cayenne,gf,3382160.0,4.94,-52.33,78.8,78.0,90.0,9.17,1553472000.0
oktyabrskoye,ru,1511846.0,56.73,85.44,26.38,79.0,40.0,4.47,1553475014.0
karratha,au,6620339.0,-20.74,116.85,76.71,89.0,100.0,31.79,1553475290.0
yakeshi,cn,2033536.0,49.28,120.73,20.01,40.0,8.0,17.92,1553475291.0
lorengau,pg,2092164.0,-2.02,147.27,82.47,99.0,68.0,8.97,1553475025.0
salta,ar,3838233.0,-24.79,-65.41,65.43,82.0,0.0,5.82,1553472000.0
zhanaozen,kz,607610.0,43.35,52.85,43.14,90.0,76.0,9.19,1553475293.0
baiyin,cn,1817240.0,36.55,104.13,26.6,45.0,0.0,4.47,1553472000.0
santa rosa,ar,3835994.0,-36.62,-64.29,62.94,43.0,8.0,6.96,1553475293.0
magnolia,us,4120323.0,33.27,-93.24,69.03,72.0,1.0,5.82,1553475171.0
villavieja,co,3665898.0,3.22,-75.22,84.2,66.0,40.0,6.93,1553472000.0
atambua,id,1651103.0,-9.11,124.89,81.21,100.0,44.0,3.94,1553475069.0
marawi,sd,370481.0,18.48,31.82,73.2,23.0,0.0,11.77,1553475295.0
rovaniemi,fi,638936.0,66.5,25.72,28.4,79.0,75.0,11.41,1553473200.0
ibanda,ug,232066.0,0.33,30.08,58.8,90.0,12.0,2.15,1553475296.0
kostomuksha,ru,543899.0,64.59,30.6,31.8,82.0,68.0,6.51,1553475297.0
nova olimpia,br,3456137.0,-14.8,-57.29,79.32,84.0,8.0,3.15,1553475297.0
strathroy,ca,6158027.0,42.96,-81.62,37.22,81.0,75.0,8.05,1553475257.0
wau,pg,2083653.0,-7.34,146.72,75.9,98.0,64.0,0.58,1553475298.0
escarcega,mx,3527795.0,18.61,-90.75,88.95,31.0,8.0,3.6,1553475298.0
calbuco,cl,3897334.0,-41.77,-73.13,51.8,76.0,0.0,9.17,1553472000.0
ilesha,ng,2326168.0,7.14,5.26,75.0,81.0,44.0,5.39,1553475299.0
lengshuitan,cn,1804162.0,26.41,111.6,47.82,100.0,56.0,2.37,1553475300.0
aksay,kz,610613.0,51.17,53.01,34.23,93.0,92.0,10.65,1553475300.0
yenagoa,ng,2318123.0,4.92,6.26,76.17,91.0,64.0,6.4,1553475092.0
hudson bay,ca,5978133.0,52.86,-102.4,27.66,55.0,0.0,2.71,1553475301.0
otane,nz,2185329.0,-39.89,176.62,78.01,53.0,0.0,11.01,1553475137.0
benguela,ao,3351663.0,-12.58,13.4,78.51,100.0,32.0,6.96,1553475302.0
cockburn town,tc,3576994.0,21.46,-71.14,77.88,100.0,88.0,18.81,1553475302.0
richards bay,za,962367.0,-28.77,32.06,73.11,85.0,36.0,9.75,1553475303.0
cabedelo,br,3404558.0,-6.97,-34.84,80.6,83.0,0.0,5.82,1553472000.0
vila do maio,cv,3374120.0,15.13,-23.22,69.8,60.0,40.0,8.05,1553472000.0
deogarh,in,1273246.0,21.53,84.72,60.51,73.0,0.0,2.26,1553475304.0
ust-kut,ru,2013923.0,56.78,105.75,-0.61,72.0,0.0,2.93,1553475304.0
shaunavon,ca,6145425.0,49.65,-108.41,36.93,63.0,92.0,11.54,1553475305.0
seoul,kr,1835848.0,37.57,126.98,40.57,64.0,90.0,2.24,1553473200.0
ahualulco,mx,4019085.0,22.4,-101.17,84.2,11.0,5.0,6.93,1553471160.0
racine,us,5268249.0,42.73,-87.78,34.7,80.0,90.0,17.22,1553475011.0
bontang,id,1648186.0,0.12,117.47,81.57,96.0,8.0,10.65,1553475306.0
sidi ali,dz,2487130.0,36.1,0.42,52.86,93.0,88.0,3.15,1553475307.0
torata,pe,3927158.0,-17.08,-70.84,48.63,60.0,36.0,1.92,1553475307.0
vredendal,za,3359736.0,-31.68,18.49,58.62,95.0,88.0,3.38,1553475308.0
kamenka,ru,553725.0,53.19,44.05,34.0,68.0,64.0,6.96,1553474502.0
morondava,mg,1058381.0,-20.3,44.28,78.15,98.0,0.0,4.61,1553475309.0
vostok,ru,2013279.0,46.45,135.83,30.36,89.0,88.0,2.93,1553475309.0
lingyuan,cn,2036075.0,41.24,119.4,35.22,54.0,0.0,7.74,1553475309.0
bonavista,ca,5905393.0,48.65,-53.11,32.0,86.0,0.0,18.99,1553474747.0
poltavka,ru,1494500.0,54.36,71.76,11.82,62.0,48.0,4.61,1553475310.0
kampot,kh,1831112.0,10.62,104.18,81.41,70.0,75.0,12.75,1553472000.0
yakovlevka,ru,2013176.0,44.43,133.47,38.64,84.0,0.0,3.38,1553475311.0
buraydah,sa,107304.0,26.33,43.97,75.2,73.0,20.0,17.22,1553472000.0
poum,nc,2138555.0,-20.23,164.02,80.76,100.0,44.0,12.21,1553475312.0
noumea,nc,2139521.0,-22.28,166.46,87.8,52.0,0.0,10.29,1553473800.0
macau,br,3395998.0,-5.11,-36.64,73.47,95.0,48.0,1.92,1553475314.0
lubao,cd,211098.0,-5.39,25.75,69.6,93.0,8.0,2.82,1553475314.0
nampa,us,5601933.0,43.57,-116.56,51.24,57.0,1.0,5.82,1553475304.0
umm kaddadah,sd,364933.0,13.6,26.69,76.71,16.0,0.0,12.44,1553475315.0
sur,om,286245.0,22.57,59.53,71.4,100.0,0.0,12.1,1553475316.0
sarkand,kz,1519691.0,45.41,79.91,40.17,91.0,92.0,2.93,1553475316.0
giresun,tr,746881.0,40.91,38.39,41.0,75.0,75.0,5.82,1553471400.0
wanning,cn,1791779.0,18.8,110.4,74.28,100.0,80.0,3.15,1553475317.0
sherlovaya gora,ru,2016735.0,50.53,116.31,14.07,31.0,0.0,11.32,1553475318.0
coromandel,nz,2192093.0,-36.76,175.5,75.56,53.0,0.0,12.75,1553475192.0
north bend,us,5742974.0,43.41,-124.22,55.47,66.0,1.0,5.82,1553475312.0
palu,id,1633034.0,-0.9,119.87,71.04,81.0,32.0,1.92,1553475313.0
salalah,om,286621.0,17.01,54.1,78.8,78.0,40.0,6.93,1553471400.0
guanambi,br,3461973.0,-14.22,-42.78,67.8,98.0,92.0,3.6,1553475320.0
hami,cn,1529484.0,42.84,93.51,32.07,49.0,0.0,5.28,1553475320.0
zeya,ru,2012593.0,53.74,127.27,15.51,74.0,64.0,3.15,1553475320.0
namwala,zm,901766.0,-15.75,26.45,67.44,78.0,0.0,7.29,1553475321.0
lerwick,gb,2644605.0,60.15,-1.15,42.8,98.0,80.0,20.8,1553473200.0
tazmalt,dz,2477537.0,36.39,4.4,51.8,93.0,36.0,11.41,1553472000.0
novobirilyussy,ru,1508260.0,56.95,90.69,25.23,89.0,88.0,4.16,1553475322.0
margate,za,978895.0,-30.86,30.37,75.27,90.0,64.0,10.76,1553475322.0
maromitsa,ru,529051.0,59.87,48.01,29.73,82.0,24.0,7.63,1553475323.0
sarakhs,ir,1159716.0,36.54,61.16,59.0,67.0,0.0,6.93,1553472000.0
akersberga,se,2727234.0,59.48,18.3,34.93,75.0,64.0,5.82,1553475182.0
rio grande,br,3451138.0,-32.03,-52.1,72.39,69.0,0.0,16.8,1553475325.0
agadir,ma,2561668.0,30.42,-9.58,75.2,31.0,0.0,18.34,1553473800.0
stromness,gb,2636638.0,58.97,-3.3,42.24,81.0,36.0,16.11,1553475043.0
anzio,it,6542092.0,41.45,12.63,48.88,93.0,75.0,2.24,1553475322.0
bud,no,7626370.0,62.91,6.91,35.04,74.0,24.0,21.92,1553475000.0
kuusankoski,fi,649919.0,60.91,26.62,26.65,74.0,0.0,6.93,1553475242.0
bridgewater,us,4931303.0,41.99,-70.98,47.39,42.0,75.0,9.17,1553475324.0
ushibuka,jp,1849154.0,32.19,130.02,50.43,95.0,80.0,4.16,1553475328.0
ahuimanu,us,5856516.0,21.44,-157.84,78.19,60.0,75.0,6.93,1553475211.0
california city,us,5332748.0,35.13,-117.99,64.6,27.0,1.0,4.7,1553475300.0
kangaatsiaq,gl,3422683.0,68.31,-53.46,21.36,96.0,56.0,18.59,1553475330.0
kindu,cd,212902.0,-2.95,25.92,70.86,98.0,76.0,2.37,1553475330.0
bogorodskoye,ru,2126638.0,52.37,140.44,19.38,57.0,44.0,2.93,1553475330.0
eden,us,4688222.0,31.22,-99.85,79.32,39.0,40.0,5.82,1553475087.0
valparaiso,cl,3868626.0,-33.04,-71.63,55.4,87.0,20.0,3.36,1553472000.0
lufilufi,ws,4035249.0,-13.87,-171.6,89.31,66.0,75.0,13.87,1553475182.0
gimli,ca,5961417.0,50.63,-96.99,25.05,40.0,0.0,5.01,1553475031.0
kapuskasing,ca,5989403.0,49.42,-82.43,19.4,31.0,5.0,9.17,1553472000.0
nouakchott,mr,2377450.0,18.08,-15.98,62.6,88.0,0.0,8.05,1553473800.0
ritchie,za,961226.0,-29.03,24.6,69.8,56.0,0.0,8.05,1553472000.0
zharkent,kz,1520253.0,44.17,80.0,21.45,77.0,0.0,4.72,1553475334.0
poya,nc,2138522.0,-21.35,165.16,80.4,97.0,0.0,10.87,1553475334.0
santa isabel,co,3668716.0,4.71,-75.1,73.4,100.0,90.0,3.36,1553472000.0
marsaxlokk,mt,2562247.0,35.84,14.54,54.59,87.0,0.0,6.93,1553475303.0
agdangan,ph,1732091.0,13.88,121.91,81.0,75.0,32.0,5.01,1553473819.0
uzwil,ch,2658209.0,47.44,9.13,43.43,81.0,40.0,1.12,1553475318.0
paracuru,br,3393115.0,-3.41,-39.03,80.87,83.0,40.0,3.36,1553475201.0
sylvan lake,ca,6160806.0,52.31,-114.09,33.8,93.0,90.0,10.29,1553472000.0
pareora,nz,2181133.0,-44.49,171.21,69.01,91.0,64.0,3.6,1553475322.0
saint-joseph,re,6690296.0,-21.37,55.62,74.73,69.0,0.0,5.82,1553474802.0
tambacounda,sn,2244991.0,13.77,-13.67,87.8,40.0,0.0,6.93,1553472000.0
pandan,ph,1695555.0,11.72,122.09,79.77,99.0,32.0,17.36,1553475338.0
tura,ru,2014833.0,64.27,100.22,3.0,71.0,64.0,2.26,1553475339.0
